cohort,duration_min,mean_hr,max_hr,rmssd,sdnn,vertical_rms,acc_rms,impact_rate,peak_abs,accel_fsi,vertical_fsi,rri_fsi,css_accel_rri,physiology_axis,mechanical_shock_axis,pelvic_si_load_path_axis,passive_exposure_axis,active_control_loss_axis,functional_output_burden_axis,context_duration_axis,complexity_fractal_axis,cross_domain_mismatch_axis,fsi_tensor_v0_2_score,impact_pain_burden_proxy_v0_2,component_entropy,legacy_fsi_norm,autonomic_modifier,autonomic_gated_mechanical_shock_axis,pelvic_si_coupled_shock_axis,passive_upright_exposure_axis,fsi_tensor_v0_3_score,impact_pain_burden_proxy_v0_3,burden_band_v0_3
motorcycle,29.1242,74.3025,162.1622,19.6552,38.5172,252.7179,150.7511,79.7791,2445.9981,0.1933,0.0614,0.0204,0.7548,0.3645,0.9395,0.615,0.3079,0.2,0.2375,0.3328,0.6126,0.2609,0.504,0.5459,0.9272,0.2282,0.90515,0.850388425,0.7257897787500001,0.23114178084375003,0.485916188376875,0.5549873960437501,Moderate
motorcycle,31.1026,70.2191,84.6262,32.8037,42.7088,228.0497,144.4773,79.7938,2501.2898,0.1984,0.1039,0.2358,0.8009,0.1675,0.906,0.5985,0.3012,0.2,0.2375,0.3383,0.7801,0.2862,0.4617,0.4869,0.9099,0.6216,0.76725,0.6951285,0.60151134375,0.21169199126250005,0.40358118405225,0.44544892637750005,Moderate
motorcycle,29.706,87.4569,102.3891,21.5958,33.0681,233.2,139.9904,52.9894,3005.5821,0.2039,0.0696,0.134,0.8169,0.4407,0.8323,0.5524,0.2865,0.2,0.2375,0.3344,0.7097,0.2013,0.4843,0.5156,0.9416,0.4263,0.9584900000000001,0.7977512270000001,0.68457648395,0.2153196769365,0.47714558917757,0.5377296873223001,Moderate
motorcycle,29.6756,83.604,99.3377,19.5662,33.2177,195.7739,149.0609,48.1798,4929.3346,0.1329,0.0541,0.1272,0.8197,0.4368,0.8071,0.5164,0.2814,0.2,0.2375,0.3343,0.6344,0.1919,0.4672,0.498,0.9448,0.2549,0.9557599999999999,0.771393896,0.6523502084,0.2086358311296,0.46097839673132796,0.5195507027459201,Moderate
motorcycle,28.6131,81.3612,161.2903,20.1858,38.7373,225.929,141.9619,49.4472,5756.3726,0.0854,0.0468,0.1711,0.8598,0.4118,0.8508,0.5398,0.2902,0.2,0.2375,0.3314,0.6486,0.2146,0.4781,0.5111,0.9397,0.2928,0.93826,0.798271608,0.672606235,0.21533284673460007,0.468719173552228,0.5299363418469201,Moderate
motorcycle,31.9072,74.6541,218.9781,73.5482,77.3126,193.7691,135.9661,44.5875,3646.8322,0.1742,0.1247,0.2153,0.8541,0.1649,0.7583,0.5074,0.2717,0.2,0.2375,0.3405,0.773,0.2268,0.4073,0.4194,0.93,0.5812,0.76543,0.580425569,0.5074040561500001,0.18492651063315005,0.355116266686967,0.38279791122163,Moderate
pt_skating,3.03,0.0,0.0,0.0,0.0,15.4042,4.3746,73.5149,47.8032,0.2708,0.0401,0.0,0.0,0.45,0.2457,0.3771,0.0891,0.15,0.2375,0.252,0.6685,0.0602,0.2955,0.2954,0.9474,0.3277,0.9650000000000001,0.23710050000000002,0.31753305,0.06218062908750001,0.25654387423575,0.2582211658175,Light controlled
pt_skating,9.0506,82.9776,95.5414,43.9049,65.3041,128.8169,143.0645,33.2348,748.4454,0.2779,0.0756,0.1508,0.307,0.2286,0.5236,0.3685,0.1447,0.15,0.2375,0.252,0.7938,0.1104,0.3188,0.3175,0.9509,0.6019,0.81002,0.4241264719999999,0.3723917159,0.09420068866275,0.28009606641729495,0.29462927050254994,Light controlled
pt_skating,13.403,93.5615,116.5049,48.3194,55.7831,109.8665,126.3348,35.5888,568.5163,0.3049,0.1196,0.182,0.4085,0.3095,0.4689,0.3606,0.1338,0.15,0.2375,0.252,0.8722,0.0761,0.3229,0.3181,0.9589,0.7663,0.86665,0.406372185,0.37080617775,0.08902495759950001,0.28907784477291,0.3008148910949,Light controlled
pt_skating,10.2758,87.0976,98.5222,58.4563,57.5897,123.6554,140.3617,32.6528,703.618,0.3204,0.0711,0.1497,0.2613,0.2601,0.5073,0.3638,0.1415,0.15,0.2375,0.252,0.8116,0.0987,0.3207,0.3187,0.9546,0.6368,0.83207,0.422109111,0.37341798625,0.09285360583275,0.284624246004895,0.29888839479155,Light controlled
pt_skating,18.3417,108.0052,117.4168,8.5237,24.4778,112.3879,125.9987,31.8481,824.5318,0.2807,0.1865,0.0608,0.1578,0.7626,0.4666,0.3543,0.1333,0.15,0.2375,0.252,0.8028,0.1031,0.41,0.4262,0.9142,0.6667,1.1838199999999999,0.5523704119999999,0.4952477697,0.10059805599705,0.41151083357346896,0.44492654510941,Moderate
pt_skating,17.1326,96.4245,106.9519,19.2384,51.2596,116.2262,128.9455,37.8814,714.365,0.2688,0.2073,0.1704,0.3811,0.539,0.4973,0.3699,0.1395,0.15,0.2375,0.252,0.8931,0.0562,0.377,0.382,0.9418,0.8335,1.0273,0.5108762900000001,0.455633379,0.09959835569625003,0.362908779605325,0.3889287573392501,Moderate
pt_skating,18.4375,87.9187,99.6678,28.4439,58.747,120.1054,124.8574,34.9723,678.7882,0.2671,0.1872,0.1168,0.3927,0.3579,0.4828,0.3663,0.1366,0.15,0.2375,0.252,0.8512,0.071,0.3357,0.3346,0.9563,0.7228,0.90053,0.43477588400000006,0.39346642425000006,0.09241324775865002,0.30626265705155703,0.32265154782673,Light controlled
pt_skating,17.3165,98.8076,110.2941,20.6036,46.7545,115.2412,138.0787,33.7108,690.6452,0.2637,0.1658,0.1837,0.4273,0.54,0.4947,0.3603,0.1389,0.15,0.2375,0.252,0.8674,0.0566,0.3737,0.3791,0.9419,0.7763,1.028,0.5085516,0.44922984,0.09884396938500001,0.3603367672893,0.38642564587699996,Moderate
pt_skating,18.3655,96.1585,107.5269,16.8744,45.3366,128.317,135.5629,39.4339,623.296,0.2887,0.2117,0.0337,0.4191,0.5667,0.5294,0.3815,0.1459,0.15,0.2375,0.252,0.8189,0.0596,0.3893,0.4005,0.9375,0.674,1.04669,0.5541176859999999,0.48648268794999994,0.10543580274712501,0.38056081932348246,0.414316388434425,Moderate
pt_skating,18.4572,93.3509,103.6269,29.2567,49.7686,112.3977,116.744,35.7028,617.541,0.2625,0.1608,0.1933,0.6249,0.3892,0.4577,0.3626,0.1315,0.15,0.2375,0.252,0.8768,0.0565,0.3361,0.3336,0.9565,0.7794,0.9224399999999999,0.42220078799999994,0.3897325638,0.08966854736100002,0.30771164440098,0.3225336756122,Light controlled
pt_skating,19.1357,81.7845,94.0439,32.1782,57.7251,116.376,124.8528,37.201,667.3604,0.2767,0.1818,0.0426,0.3354,0.2639,0.4858,0.3685,0.1372,0.15,0.2375,0.252,0.8072,0.0908,0.3171,0.3146,0.9566,0.6246,0.83473,0.405511834,0.36812322805,0.0902947000935,0.28021228630783,0.29320886693369996,Light controlled
pt_skating,17.4786,106.4731,118.5771,27.6338,45.0612,122.8562,137.9932,37.6609,651.0287,0.2877,0.052,0.041,0.2321,0.51,0.5198,0.3739,0.144,0.15,0.2375,0.252,0.7087,0.0529,0.3696,0.382,0.9435,0.4218,1.0070000000000001,0.5234386000000001,0.4599118850000001,0.10212036119999998,0.35658422771599996,0.38950728774000004,Moderate
pt_skating,44.1726,78.7365,120.2405,23.2403,108.8307,165.0567,87.2024,18.7034,2986.9892,0.204,0.1022,0.1587,0.6889,0.3532,0.5023,0.3622,0.1405,0.15,0.2375,0.252,0.7584,0.0784,0.335,0.3381,0.9551,0.5179,0.89724,0.450683652,0.3984068238,0.09477378015900002,0.30737083902462,0.3278777161718,Light controlled
pt_skating,17.3095,88.9684,102.2147,32.0279,51.9542,124.414,124.7629,47.3817,803.106,0.2796,0.2194,0.1408,0.3766,0.3207,0.5427,0.3958,0.1485,0.15,0.2375,0.252,0.888,0.0984,0.3502,0.3511,0.9505,0.8115,0.87449,0.47458572299999996,0.42175130345,0.10044195175575,0.31744226821503496,0.33711521213615,Light controlled
pt_skating,16.5116,114.4651,124.2236,17.3458,36.1893,120.3553,131.8722,38.7517,709.5381,0.2833,0.2049,0.0011,0.3049,0.7008,0.5118,0.3746,0.1424,0.15,0.2375,0.252,0.7922,0.0876,0.4108,0.4278,0.9228,0.6327,1.14056,0.583738608,0.5147599504000001,0.10650283626240002,0.412459649055232,0.45053320437248,Moderate
pt_skating,16.158,89.801,99.6678,45.0759,65.02,127.0695,138.1068,38.7968,705.9482,0.2815,0.1901,0.1004,0.3869,0.2808,0.5327,0.3793,0.1465,0.15,0.2375,0.252,0.8526,0.103,0.3354,0.3348,0.9518,0.7313,0.84656,0.4509625119999999,0.39711824479999996,0.09730379954700001,0.30029694993445993,0.31720686134939996,Light controlled
pt_skating,16.4071,101.6026,112.782,10.748,45.8469,131.893,146.7778,35.3759,693.0052,0.2797,0.2057,0.0456,0.2214,0.6856,0.5377,0.3752,0.1475,0.15,0.2375,0.252,0.8116,0.0829,0.4143,0.431,0.9242,0.6741,1.12992,0.6075579839999999,0.5242713840000001,0.10988855964000001,0.4176100823352,0.457738623128,Moderate
pt_skating,16.6472,116.7161,128.4797,11.8413,36.5813,128.5572,147.1507,34.1892,713.0983,0.3126,0.1449,0.0493,0.1441,0.7874,0.5289,0.3704,0.1458,0.15,0.2375,0.252,0.7793,0.1038,0.4312,0.4531,0.9114,0.6178,1.20118,0.635304102,0.5480872354999999,0.11142350519760003,0.44304816110556794,0.48739689718952,Moderate
pt_skating,17.1286,87.748,101.5228,25.9069,63.613,124.5553,131.915,35.1572,678.697,0.2811,0.1792,0.0949,0.2305,0.3885,0.5026,0.3697,0.1405,0.15,0.2375,0.252,0.8412,0.0714,0.3466,0.3482,0.9533,0.7041,0.92195,0.4633720700000001,0.41284213475000003,0.09603928554187502,0.32062731364253744,0.34092851503337507,Light controlled
pt_skating,17.1086,87.8505,98.3607,21.6488,64.8328,128.7082,131.1738,42.4282,885.5576,0.3008,0.1801,0.0635,0.3168,0.443,0.5438,0.3882,0.1488,0.15,0.2375,0.252,0.8347,0.0743,0.3703,0.3773,0.9467,0.6978,0.9601,0.52210238,0.45779302199999994,0.10405955181599999,0.35059861256687985,0.37887541196319996,Moderate
pt_skating,16.7097,90.0077,101.3514,21.4239,59.9636,135.8876,137.3707,32.7339,967.5948,0.2644,0.1495,0.113,0.3756,0.4623,0.5299,0.3723,0.146,0.15,0.2375,0.252,0.8122,0.0658,0.3666,0.3736,0.9468,0.6476,0.97361,0.515915939,0.44904342420000004,0.1020709756755,0.3491671979655899,0.3772012071451,Light controlled
pt_skating,16.5484,91.4291,104.1667,20.5946,56.8975,124.7872,130.7392,36.5108,1353.498,0.2528,0.1219,0.1008,0.488,0.4837,0.5313,0.3728,0.1463,0.15,0.2375,0.252,0.7722,0.062,0.3695,0.379,0.9451,0.5608,0.9885900000000001,0.5252378670000001,0.45661353375,0.10293200600760001,0.354561554566368,0.38518492807652,Moderate
pt_skating,13.6162,83.7241,95.0872,24.3676,91.9792,146.6484,133.2395,28.0575,919.1739,0.2937,0.204,0.0739,0.0842,0.3772,0.5178,0.3697,0.1436,0.15,0.2375,0.252,0.857,0.0787,0.3487,0.35,0.9527,0.7401,0.91404,0.47328991200000003,0.4160687838,0.09783096262680002,0.32244288986882397,0.34303930566535995,Light controlled
pt_skating,16.7308,88.818,100.8403,22.4426,87.1232,130.0439,131.1426,30.8148,912.45,0.2836,0.193,0.0091,0.2698,0.4404,0.5006,0.3642,0.1401,0.15,0.2375,0.252,0.7986,0.0604,0.3533,0.358,0.9504,0.6131,0.95828,0.4797149680000001,0.42463680240000007,0.09703383805259999,0.3325198816174679,0.35653655033052006,Light controlled
pt_skating,16.9424,103.5861,114.5038,7.2286,50.0857,133.1826,136.8129,34.1918,3192.8078,0.2507,0.2049,0.0295,0.2804,0.7451,0.6136,0.3736,0.1627,0.15,0.2375,0.252,0.7712,0.0904,0.4415,0.4657,0.915,0.5955,1.17157,0.7188753520000001,0.583752112,0.12309639609540002,0.46104837929717196,0.5149787508190801,Moderate
pt_skating,16.0107,95.5613,107.5269,15.5344,62.2548,125.1132,139.5503,34.9348,741.6124,0.2766,0.1841,0.1953,0.3028,0.579,0.5185,0.3696,0.1437,0.15,0.2375,0.252,0.8971,0.0628,0.3901,0.3976,0.9368,0.8487,1.0553,0.5471730499999999,0.47799325649999996,0.10374505995600002,0.3814257762220799,0.41154025144119993,Moderate
pt_skating,17.2092,91.3464,102.3891,17.2968,64.086,131.4073,134.3446,35.7163,773.6526,0.2728,0.1976,0.1509,0.3666,0.5246,0.5226,0.3756,0.1445,0.15,0.2375,0.252,0.8783,0.0517,0.3802,0.3866,0.942,0.8006,1.01722,0.531599172,0.466696935,0.102966131199,0.36694008027582,0.39594209973979994,Moderate
pt_skating,17.6597,94.3959,107.1429,24.4277,58.3944,126.5274,141.7189,32.7752,903.9039,0.3011,0.1178,0.1181,0.3931,0.458,0.5219,0.366,0.1444,0.15,0.2375,0.252,0.8231,0.0639,0.3631,0.3686,0.9477,0.6708,0.9706,0.50655614,0.44066004300000006,0.10059107604000002,0.34499670834720003,0.37140526310800004,Light controlled
paratransit_bus,34.2677,91.6314,108.6957,97.015,54.6847,175.3919,128.297,27.8451,2428.785,0.1903,0.1553,0.2787,0.7247,0.2948,0.6062,0.7389,0.8012,0.9,0.6247,0.5096,0.8539,0.308,0.613,0.5765,0.9765,0.7041,0.85636,0.5191254319999999,0.6777708666,0.7244056041348002,0.600629177156264,0.58468373880696,Heavy
paratransit_bus,46.8642,87.5722,111.7318,15.5861,122.141,172.4974,122.1818,25.5634,1547.1969,0.2105,0.1092,0.0578,0.5938,0.5173,0.5492,0.732,0.7898,0.9,0.6498,0.5447,0.7229,0.2296,0.6383,0.6096,0.9899,0.3966,1.01211,0.5558508120000001,0.7523843514,0.7608842136060001,0.6609768619170802,0.6594298511412001,Very heavy
paratransit_bus,38.1481,77.6186,169.9717,80.5202,76.4159,167.5453,122.1705,30.4987,2237.7059,0.1446,0.0406,0.0522,0.8893,0.1876,0.5872,0.7392,0.7974,0.9,0.6325,0.5204,0.5957,0.3181,0.5785,0.5468,0.9638,0.1457,0.78132,0.45879110400000006,0.619797456,0.6975694623456001,0.5497953422622078,0.53154090526912,Heavy
paratransit_bus,92.8443,77.2584,97.8793,12.1363,43.7188,178.9849,117.464,33.5325,2156.9065,0.2116,0.0758,0.2472,0.7549,0.4819,0.6045,0.7535,0.8009,0.9,0.7413,0.6728,0.8195,0.2836,0.6664,0.6303,0.9915,0.6093,0.98733,0.596840985,0.7738606785,0.768308955276375,0.6869833385197475,0.681445240855275,Very heavy
paratransit_bus,36.3599,115.9794,171.4286,13.611,40.158,189.4831,125.9381,30.6896,3758.429,0.2049,0.1289,0.0504,0.6581,0.7595,0.6832,0.7546,0.8166,0.9,0.6289,0.5155,0.7301,0.2965,0.7215,0.7123,0.9931,0.4086,1.1816499999999999,0.80730328,0.9516986755000001,0.8460787720815001,0.80092647798467,0.8333661770663,Very heavy
paratransit_bus,46.3086,71.7578,105.0788,31.3637,81.8705,187.5862,121.5417,32.2705,1526.0528,0.2221,0.1124,0.0656,0.6096,0.1975,0.5958,0.7567,0.7992,0.9,0.6487,0.5432,0.7272,0.3236,0.5935,0.5573,0.9659,0.4355,0.78825,0.46963935,0.63529953375,0.7046695201050002,0.5644014940439,0.543428601646,Heavy
paratransit_bus,43.5489,84.1812,108.8929,212.7148,153.2957,177.1802,125.6344,31.4186,1936.5532,0.1574,0.1043,0.21,0.9406,0.2378,0.5999,0.7478,0.8,0.9,0.6432,0.5355,0.7622,0.3175,0.6011,0.5651,0.9711,0.5069,0.81646,0.489794354,0.6522092927,0.7125361704000001,0.5792745387860001,0.5606086103900001,Heavy
paratransit_bus,40.7765,82.5231,106.1947,90.2696,64.7661,140.0787,67.3498,26.6392,1983.779,0.1813,0.076,0.2709,0.874,0.2251,0.4248,0.7121,0.765,0.9,0.6377,0.5278,0.7792,0.2078,0.5478,0.4989,0.9652,0.5519,0.80757,0.343055736,0.5624639095500001,0.6720841926112501,0.520347247251025,0.48645494538725004,Heavy
paratransit_bus,37.31,70.9997,100.8403,43.6295,67.0187,197.6637,113.9909,25.9231,1943.5579,0.1612,0.1191,0.02,0.769,0.137,0.5873,0.75,0.7975,0.9,0.6308,0.5181,0.6445,0.3281,0.5726,0.538,0.9551,0.2649,0.7459,0.43806707000000006,0.6005139315000001,0.6886087518750001,0.5341387128675,0.511022697325,Heavy
paratransit_sedan,35.0232,123.7464,138.2488,9.9829,39.9634,125.4089,59.7689,18.9988,1799.3971,0.1882,0.068,0.0441,0.7588,0.8646,0.3527,0.5457,0.5905,0.75,0.4762,0.4142,0.6567,0.2089,0.5728,0.5578,0.9779,0.2641,1.25522,0.442716094,0.646817697,0.5726281729432501,0.600145861389785,0.59655996718865,Heavy
paratransit_sedan,38.9858,89.2632,113.4216,94.1787,72.4155,137.1536,63.2231,28.9913,2502.0744,0.192,0.0007,0.2502,0.9102,0.2767,0.4418,0.5752,0.6084,0.75,0.4841,0.4253,0.7455,0.1699,0.4841,0.4464,0.9799,0.4589,0.84369,0.37274224200000006,0.5076517773,0.5046457990392001,0.45916123839305606,0.43632525349784007,Moderate
paratransit_sedan,29.138,98.0163,110.7011,31.9263,27.6177,95.8807,72.8758,16.6361,1563.2143,0.1982,0.1333,0.2118,0.7555,0.3912,0.315,0.5204,0.583,0.75,0.4645,0.3978,0.8261,0.1088,0.4658,0.4208,0.9812,0.6364,0.92384,0.2910096,0.46533580480000003,0.492349642488,0.44782254070384,0.4159530699376,Moderate
paratransit_sedan,2.9851,52.9298,60.9756,37.4062,43.9067,10.3688,4.7845,73.9367,37.8346,0.2543,0.0395,0.1469,0.45,0.0,0.2413,0.5852,0.5683,0.75,0.4125,0.325,0.7082,0.1162,0.3725,0.3213,0.8871,0.4897,0.65,0.15684499999999998,0.34798525,0.43285706100000004,0.31756012598,0.27142823720000003,Light controlled
paratransit_sedan,2.9917,55.152,67.1892,40.8957,68.3071,14.599,4.7584,57.5652,56.1054,0.2435,0.0411,0.0817,0.2813,0.0157,0.1817,0.5524,0.5563,0.75,0.4125,0.325,0.6602,0.0836,0.3525,0.2987,0.8914,0.3776,0.66099,0.12010188299999999,0.32162382915000004,0.4218074939913001,0.303094930271434,0.25447911829326003,Light controlled
paratransit_sedan,39.6856,104.1183,189.2744,271.9208,212.1854,215.7276,73.2523,31.2774,2111.963,0.1336,0.0427,0.012,0.9095,0.3903,0.5684,0.6339,0.6337,0.75,0.4855,0.4272,0.5754,0.2169,0.5422,0.5258,0.9882,0.0709,0.92321,0.524752564,0.63405520425,0.5533128342321751,0.5366409166167915,0.5391622691214351,Heavy
paratransit_sedan,37.9491,95.1274,122.449,40.5167,61.5816,195.2455,62.696,41.7776,1997.5998,0.2232,0.0935,0.1055,0.8656,0.3215,0.5572,0.6424,0.6314,0.75,0.4821,0.4224,0.7492,0.224,0.5344,0.5087,0.9835,0.4627,0.87505,0.48757786000000003,0.6043507029999999,0.541453830918,0.51588885902524,0.5079254420836,Heavy
paratransit_sedan,33.898,119.6826,131.5789,2.1651,19.8776,164.4937,64.0944,27.4078,4487.8553,0.2006,0.0875,0.1733,0.7262,0.932,0.5352,0.5905,0.627,0.75,0.474,0.4111,0.7688,0.2476,0.6418,0.6367,0.9826,0.5074,1.3024,0.69704448,0.811896976,0.6269112481500001,0.7063253657870001,0.73041246243,Very heavy
paratransit_sedan,45.0511,106.1017,127.1186,8.9318,17.2779,126.3038,54.9365,28.2802,2251.2286,0.1472,0.0095,0.1345,0.8816,0.7429,0.3991,0.5662,0.5998,0.75,0.4962,0.4422,0.6405,0.1921,0.5643,0.5466,0.9872,0.2168,1.1700300000000001,0.46695897300000005,0.6464665801500001,0.5667817588503,0.587054979366054,0.58509106906506,Heavy
paratransit_sedan,39.2718,86.4998,110.2941,108.9275,70.4158,112.2441,59.3391,27.1831,2059.5901,0.1257,0.1011,0.278,0.8211,0.2555,0.375,0.5542,0.595,0.75,0.4847,0.4261,0.757,0.1383,0.46,0.4161,0.976,0.4895,0.82885,0.31081875,0.463910206,0.4872870652125,0.43157029205825004,0.4011301623425,Moderate
paratransit_sedan,40.4565,103.1478,119.2843,4.6383,30.6594,119.8985,61.1505,26.5068,2090.6496,0.1478,0.0072,0.2454,0.8226,0.7744,0.3878,0.558,0.5976,0.75,0.487,0.4294,0.7102,0.1962,0.5682,0.5487,0.9848,0.3747,1.1920799999999998,0.4622886239999999,0.6455912328,0.5680681856640001,0.59185229695552,0.5877231629727999,Heavy
paratransit_van,41.0341,133.6448,152.2843,3.0432,21.0557,189.6686,71.1106,25.687,4080.5916,0.1783,0.0645,0.0508,0.862,0.9616,0.5774,0.7791,0.8355,0.9,0.6757,0.561,0.6567,0.3237,0.7516,0.7489,0.9905,0.2487,1.3231199999999999,0.763969488,1.0,0.9182784926160001,0.85170963651088,0.8864580705232001,Very heavy
paratransit_van,36.3625,68.6422,95.0872,31.1797,66.6325,162.6929,66.8818,33.8576,1376.5931,0.1472,0.0761,0.0661,0.8271,0.1759,0.4628,0.7781,0.8126,0.9,0.6664,0.548,0.6312,0.2507,0.5634,0.5244,0.9584,0.2314,0.77313,0.357804564,0.58938890295,0.7157865794215501,0.529649964464879,0.50245012776931,Heavy
paratransit_van,78.2985,78.0986,115.1631,17.7956,80.7959,136.6354,50.69,31.3902,1702.7677,0.1541,0.0738,0.1926,0.8585,0.417,0.3984,0.7549,0.7997,0.9,0.7498,0.6648,0.7298,0.175,0.6048,0.5594,0.9806,0.4233,0.9419,0.37525295999999997,0.6559000025000001,0.7531454625007501,0.6031777166001349,0.5787423332501501,Heavy
readiness_baseline,2.9873,49.8778,56.1798,46.3378,63.7376,0.0,0.0,0.0,0.0,0.0,0.0,0.1029,0.0,0.0,0.0,0.035,0.04,0.05,0.0875,0.1025,0.4884,0.0,0.0464,0.02,0.7809,0.1309,0.65,0.0,0.0173125,0.020475000000000004,0.03812125,0.01803875,Reference / very light
readiness_baseline,3.0102,50.8269,56.7644,43.1408,50.2837,18.0129,5.1353,78.8823,71.334,0.2416,0.102,0.1446,0.8599,0.0,0.2617,0.1746,0.0923,0.05,0.0875,0.1025,0.7229,0.0654,0.145,0.1303,0.8489,0.5689,0.65,0.170105,0.15004275,0.0501452055,0.11227844199,0.10631811609999998,Reference / very light
readiness_baseline,3.0076,65.8336,71.09,24.383,31.2408,17.8826,7.1844,54.4554,50.9487,0.2458,0.0163,0.1543,0.8219,0.2401,0.1783,0.128,0.0757,0.05,0.0875,0.1025,0.7172,0.0202,0.163,0.1507,0.94,0.4448,0.8180700000000001,0.145861881,0.13231397445000004,0.043560941232000015,0.13731718238076002,0.12963685083140003,Reference / very light
readiness_baseline,3.0202,54.3019,63.358,40.2441,65.6157,16.62,5.5041,66.0891,55.0437,0.2236,0.0398,0.0251,0.2208,0.0092,0.2197,0.1521,0.0839,0.05,0.0875,0.1025,0.6045,0.0524,0.1277,0.1146,0.8898,0.2559,0.65644,0.144219868,0.1298814288,0.045295348811100006,0.09974865336199801,0.09420846540222,Reference / very light
readiness_baseline,2.9973,52.7147,57.8592,26.1935,41.8859,16.5147,5.2931,51.8464,47.7781,0.3214,0.0517,0.1193,0.0,0.1199,0.1624,0.1215,0.0725,0.05,0.0875,0.1025,0.7859,0.0155,0.1366,0.1157,0.9709,0.5599,0.73393,0.119190232,0.11138047664999999,0.040061563434375,0.11117102804118749,0.09795901368187498,Reference / very light
readiness_baseline,2.9926,59.481,67.4916,32.4037,45.7884,14.1375,7.1441,78.7999,58.5611,0.245,0.0343,0.1592,0.7582,0.0904,0.2592,0.172,0.0918,0.05,0.0875,0.1025,0.7299,0.0466,0.1615,0.1495,0.9336,0.481,0.71328,0.184882176,0.1616892672,0.051321098448000015,0.13091822818464002,0.1273015438496,Reference / very light
readiness_baseline,2.9998,51.0034,58.8813,40.9858,49.9505,12.8922,6.5577,86.8777,47.6085,0.2534,0.0024,0.1309,0.6781,0.0,0.2559,0.1711,0.0912,0.05,0.0875,0.1025,0.6543,0.0638,0.1402,0.1278,0.8512,0.4138,0.65,0.166335,0.146963,0.04947577200000001,0.10869579896,0.1043178044,Reference / very light
readiness_baseline,3.0119,47.8101,56.391,52.9428,60.2469,12.5896,7.4926,74.2574,54.8346,0.2125,0.0393,0.0701,0.9187,0.0,0.2498,0.1668,0.09,0.05,0.0875,0.1025,0.604,0.0622,0.1359,0.1249,0.8536,0.2989,0.65,0.16237000000000001,0.1434975,0.0487377,0.10552983600000002,0.10213929,Reference / very light
readiness_baseline,2.9999,49.6678,55.4017,44.0094,50.3656,14.1082,4.4278,60.6884,46.5623,0.2429,0.0577,0.0617,0.3344,0.0,0.1929,0.1388,0.0786,0.05,0.0875,0.1025,0.6507,0.0473,0.1188,0.1015,0.8756,0.3759,0.65,0.125385,0.11547624999999999,0.042069078,0.09246150903999999,0.08315294059999999,Reference / very light
readiness_baseline,2.9947,53.0935,59.3472,26.4745,41.2388,11.9304,6.1764,50.5776,54.2182,0.2213,0.1016,0.0305,0.9031,0.1163,0.1525,0.1156,0.0705,0.05,0.0875,0.1025,0.6998,0.0137,0.129,0.1105,0.9739,0.3648,0.73141,0.111540025,0.10515605905000001,0.038814248830500005,0.10502310228048999,0.0933896737311,Reference / very light
readiness_baseline,2.9986,60.3625,65.2174,24.6904,35.3832,14.1423,7.3927,16.1556,240.6781,0.2039,0.0298,0.0036,0.6146,0.1944,0.0283,0.0434,0.0457,0.05,0.0875,0.1025,0.5763,0.0342,0.0982,0.0784,0.8985,0.1826,0.78608,0.022246064,0.0342584584,0.025000503620400003,0.07949124301967199,0.05874915424408,Reference / very light
readiness_baseline,2.9966,48.7213,54.0541,45.857,58.9743,17.0533,3.6785,49.5875,48.1006,0.2301,0.1875,0.0528,0.4678,0.0,0.1532,0.117,0.0706,0.05,0.0875,0.1025,0.7419,0.0371,0.1088,0.0845,0.8905,0.5602,0.65,0.09958,0.09511050000000001,0.037440945,0.08493308010000002,0.06966633900000001,Reference / very light
readiness_baseline,2.9973,60.7213,69.9301,24.4323,63.8075,29.6565,9.7944,66.0891,82.1579,0.2331,0.0375,0.1511,0.5429,0.2004,0.2473,0.161,0.0895,0.05,0.0875,0.1025,0.7198,0.0215,0.1772,0.1684,0.939,0.4519,0.79028,0.19543624399999998,0.16866560379999998,0.051579926685,0.14984334355929999,0.148584727477,Reference / very light
readiness_baseline,3.0044,54.2538,62.0476,38.167,68.5196,13.9472,4.9042,76.2306,47.0333,0.2565,0.0325,0.0446,0.1258,0.0089,0.2545,0.1718,0.0909,0.05,0.0875,0.1025,0.6312,0.0617,0.1408,0.1296,0.8741,0.3342,0.65623,0.167010535,0.14806991345,0.04947367727385,0.109639539168293,0.10615334323976999,Reference / very light
readiness_baseline,3.0023,63.9506,72.2892,22.0568,62.5443,30.8179,8.643,69.3756,107.232,0.2207,0.0376,0.2119,0.5521,0.255,0.261,0.1688,0.0922,0.05,0.0875,0.1025,0.7417,0.0142,0.1934,0.1867,0.9261,0.5164,0.8285,0.2162385,0.185289265,0.05421805326000001,0.1663478178868,0.16749001515200002,Reference / very light
readiness_baseline,2.8834,58.6117,135.4402,146.849,102.8549,0.0,0.0,0.0,0.0,0.0,0.0,0.1033,0.0,0.0422,0.0,0.035,0.04,0.05,0.0875,0.1025,0.5405,0.0084,0.0573,0.0306,0.8753,0.1314,0.67954,0.0,0.017881145,0.020763015000000003,0.0464431946,0.0245969465,Reference / very light
readiness_baseline,2.9986,49.3566,59.1133,48.7141,59.6586,15.8928,3.9713,48.2326,53.9254,0.2161,0.131,0.0597,0.562,0.0,0.1463,0.1133,0.0693,0.05,0.0875,0.1025,0.6923,0.0354,0.1044,0.0816,0.8929,0.4471,0.65,0.09509500000000001,0.09161350000000001,0.03669383025000001,0.081682959445,0.06734656605,Reference / very light
readiness_baseline,3.0077,49.539,55.7103,41.3373,64.1379,21.4632,5.4289,58.226,56.7091,0.223,0.048,0.0578,0.8093,0.0,0.1955,0.1385,0.0791,0.05,0.0875,0.1025,0.6233,0.0479,0.1182,0.1021,0.8748,0.3159,0.65,0.12707500000000002,0.11618950000000001,0.04233135375000001,0.09216583367499998,0.08384187075,Reference / very light
readiness_baseline,3.0035,49.6093,54.1028,49.1472,51.188,12.8188,6.8453,65.6766,57.3217,0.217,0.0475,0.1172,0.7778,0.0,0.2151,0.1486,0.083,0.05,0.0875,0.1025,0.6521,0.053,0.126,0.1103,0.8672,0.3893,0.65,0.13981500000000002,0.12600125,0.04460710500000001,0.09804425389999998,0.090425546,Reference / very light
readiness_baseline,3.0124,54.441,58.8235,29.1321,37.7144,15.8773,5.4763,46.5808,41.6437,0.2278,0.0276,0.1366,0.935,0.0931,0.1407,0.1098,0.0681,0.05,0.0875,0.1025,0.7197,0.0153,0.1214,0.1004,0.9777,0.4043,0.71517,0.10062441899999999,0.09664210485,0.03712215978585,0.09804564724845298,0.08428816816216998,Reference / very light
readiness_baseline,2.9967,54.7272,60.0601,30.4202,37.1548,10.2035,4.6686,56.4916,60.7414,0.2558,0.0232,0.0591,0.2769,0.0791,0.1726,0.1278,0.0745,0.05,0.0875,0.1025,0.6828,0.0262,0.1283,0.1109,0.965,0.338,0.70537,0.12174686200000001,0.11330654520000001,0.04073674702575,0.103284489568635,0.09319102846515,Reference / very light
readiness_baseline,2.994,52.7731,56.8182,35.028,34.5543,11.2393,8.1318,40.3066,53.2164,0.2509,0.0111,0.1085,0.8479,0.0085,0.1143,0.0931,0.0629,0.05,0.0875,0.1025,0.6825,0.0257,0.0942,0.0693,0.9306,0.3793,0.65595,0.074975085,0.07487470800000001,0.03311275214362501,0.0744242464458525,0.05785373407872501,Reference / very light
readiness_baseline,2.9951,53.0867,59.7015,41.2542,55.4869,22.727,6.1934,52.775,55.9112,0.2066,0.0428,0.107,0.8746,0.0,0.177,0.1277,0.0754,0.05,0.0875,0.1025,0.6412,0.0432,0.1125,0.0941,0.882,0.3469,0.65,0.11505,0.10647324999999999,0.0401680305,0.08787036049000001,0.07748808109999998,Reference / very light
readiness_baseline,3.0056,65.8781,78.8436,20.6812,43.8127,24.3867,5.9871,70.1189,86.4933,0.2074,0.0139,0.2136,0.3599,0.2871,0.249,0.166,0.0898,0.05,0.0875,0.1025,0.71,0.0198,0.1955,0.1909,0.9202,0.4531,0.85097,0.21189153,0.18382074950000002,0.05326551611100001,0.16910283318998,0.1705872105722,Reference / very light
readiness_baseline,2.993,67.1578,75.188,28.6241,48.7891,11.476,5.2093,70.0495,44.881,0.2893,0.1874,0.0427,0.0,0.1968,0.2271,0.157,0.0854,0.05,0.0875,0.1025,0.8154,0.0168,0.1748,0.1608,0.9439,0.6583,0.78776,0.17890029600000001,0.15877620920000002,0.049079783088000005,0.14642818025984003,0.14044389337760002,Reference / very light
readiness_baseline,3.0016,48.641,54.6448,50.8863,66.3329,28.1102,7.2661,33.3333,188.4273,0.1634,0.0268,0.1116,0.9409,0.0,0.1146,0.0898,0.0629,0.05,0.0875,0.1025,0.6061,0.0274,0.0889,0.0665,0.9024,0.2438,0.65,0.07449,0.073172,0.032972494500000005,0.07042108901000001,0.055918598900000005,Reference / very light
readiness_baseline,2.9986,53.0247,57.9151,35.7037,41.7115,35.238,8.6623,21.8864,105.3774,0.1914,0.0928,0.0768,0.9135,0.0,0.0789,0.0701,0.0558,0.05,0.0875,0.1025,0.6598,0.0187,0.0787,0.0513,0.9056,0.3595,0.65,0.051285,0.054835,0.029003305500000003,0.06284559499,0.0438224111,Reference / very light
readiness_baseline,3.0051,57.9019,65.5738,34.0804,56.0899,13.6677,7.7895,37.4133,96.7419,0.2433,0.0256,0.0462,0.712,0.0572,0.1073,0.0886,0.0615,0.05,0.0875,0.1025,0.6745,0.0142,0.1006,0.0772,0.9812,0.2996,0.69004,0.07404129200000001,0.0743242306,0.032836368681,0.08080530965458,0.0647048659162,Reference / very light
readiness_baseline,2.9841,48.9254,54.4959,39.2007,55.2545,7.1637,6.4713,87.8713,34.1083,0.216,0.0436,0.064,0.5705,0.0,0.2532,0.17,0.0906,0.05,0.0875,0.1025,0.6055,0.0631,0.1374,0.1267,0.8522,0.3039,0.65,0.16458,0.145708,0.04912785,0.10655617299999999,0.10343297,Reference / very light
readiness_baseline,3.0059,63.5421,71.599,24.8327,59.0932,14.0599,6.8197,58.8526,53.9166,0.2867,0.1813,0.2092,0.0,0.2169,0.1896,0.1348,0.0779,0.05,0.0875,0.1025,0.9178,0.014,0.17,0.1496,0.9461,0.8833,0.80183,0.152026968,0.1372078118,0.044633744396099996,0.142048646827298,0.12938083441922002,Reference / very light
readiness_baseline,3.0191,52.9962,60.9756,38.9877,62.8882,13.7147,5.6984,47.1947,38.7783,0.2413,0.0138,0.0324,0.7216,0.0,0.1404,0.1096,0.0681,0.05,0.0875,0.1025,0.6073,0.0339,0.0989,0.079,0.8949,0.2557,0.65,0.09126000000000001,0.08842100000000001,0.036001746,0.07757073428000001,0.0652916492,Reference / very light
readiness_baseline,2.9874,54.5631,61.0376,34.3705,44.1853,13.7204,5.5128,67.5743,51.5071,0.2435,0.0102,0.0568,0.7595,0.028,0.2213,0.1533,0.0843,0.05,0.0875,0.1025,0.6335,0.0491,0.133,0.1197,0.9152,0.2892,0.6696,0.14818248,0.13325544,0.045818603649,0.10488939185682,0.09913597272979999,Reference / very light
readiness_baseline,2.981,53.673,61.665,36.6661,51.1008,27.3904,7.7057,54.6205,74.5993,0.1865,0.0405,0.0701,0.9238,0.0044,0.1945,0.1349,0.0789,0.05,0.0875,0.1025,0.6028,0.0468,0.1173,0.1019,0.8905,0.2512,0.65308,0.12702406,0.1150840976,0.0422222475213,0.091905836825834,0.08413569378425999,Reference / very light
readiness_baseline,2.9931,50.7829,54.8446,27.7515,33.1432,10.6766,8.0939,70.6145,40.5052,0.2478,0.0548,0.1357,0.7685,0.1002,0.234,0.1581,0.0868,0.05,0.0875,0.1025,0.7393,0.038,0.1551,0.141,0.9456,0.4872,0.72014,0.16851276,0.1488665157,0.048399178426200014,0.126118782370716,0.12024798039524,Reference / very light
readiness_baseline,3.013,56.7534,62.1118,33.1131,43.3587,16.725,6.951,75.4047,68.2865,0.2457,0.122,0.0351,0.6834,0.0606,0.2599,0.1721,0.092,0.05,0.0875,0.1025,0.7109,0.0528,0.1552,0.143,0.9223,0.4525,0.69242,0.17995995800000003,0.15756299620000003,0.050939065494,0.12420168339292,0.12028670145880001,Reference / very light
silverride_front_seat,63.9321,88.547,117.6471,97.5919,75.7772,111.459,50.2856,16.7697,2304.3573,0.1836,0.0913,0.231,0.9056,0.2712,0.3255,0.3914,0.4251,0.65,0.3125,0.33,0.7924,0.0796,0.3737,0.328,0.9786,0.5648,0.83984,0.27336792000000004,0.3548199208000001,0.3245004573876,0.3458416905057681,0.31161804771752005,Light controlled
silverride_front_seat,27.3586,95.1436,107.5269,41.6622,28.4809,97.3274,64.146,13.1365,1775.8527,0.1838,0.1315,0.1829,0.7724,0.3216,0.2957,0.374,0.4191,0.65,0.3125,0.33,0.793,0.067,0.3732,0.3269,0.98,0.5644,0.87512,0.25877298400000004,0.34675202680000006,0.323032758048,0.34837547946464,0.31281540564960003,Light controlled
silverride_front_seat,30.8874,91.3318,109.4891,26.5097,36.3218,113.4564,63.209,22.4989,2173.3296,0.203,0.1275,0.017,0.7121,0.4084,0.3693,0.405,0.4339,0.65,0.3125,0.33,0.7015,0.087,0.4103,0.3767,0.9853,0.3546,0.93588,0.345620484,0.41606448780000005,0.3466183031250001,0.3943771689985,0.373058127965,Moderate
fns_sns_skating,55.9714,133.5504,227.2727,50.2591,51.2262,307.5708,140.5028,10.8536,8234.0048,0.2006,0.1005,0.0246,0.7539,0.55,0.7423,0.48,0.1885,0.15,0.2,0.4401,0.6521,0.1171,0.4534,0.4804,0.9281,0.3148,1.0350000000000001,0.7682805,0.6415862250000001,0.14052675,0.4579142745000001,0.5151513425,Moderate
fns_sns_skating,180.101,121.0377,162.6016,29.3182,61.5864,254.0875,119.8697,75.6392,3352.9449,0.1546,0.0492,0.0823,0.8322,0.6002,0.9267,0.6139,0.2253,0.15,0.2,0.6425,0.6029,0.1754,0.54,0.5801,0.9138,0.2229,1.0701399999999999,0.9916987379999999,0.8346278523999998,0.17848198601505003,0.5633296578507089,0.6440394374230098,Heavy
fns_sns_skating,107.51,128.8252,162.6016,439.8779,314.4237,269.6174,140.0461,41.991,2361.7658,0.121,0.0906,0.0738,0.8418,0.55,0.7922,0.5418,0.1984,0.15,0.2,0.5836,0.6099,0.1352,0.4818,0.5109,0.9229,0.2272,1.0350000000000001,0.8199270000000002,0.7011948000000001,0.1511717232,0.487257626176,0.5480745346400001,Moderate
fns_sns_skating,185.7653,129.3298,211.2676,17.6618,57.5279,221.4346,121.3218,51.1443,3187.8193,0.1784,0.0997,0.0326,0.7594,0.7774,0.7813,0.5404,0.1963,0.15,0.2,0.6425,0.6296,0.0857,0.5257,0.5592,0.9135,0.2827,1.19418,0.933012834,0.7983459549000002,0.15907477159860003,0.565980879085748,0.64118194928972,Heavy
fns_sns_skating,180.7886,116.5892,181.8182,25.8934,81.1612,246.4363,120.4289,28.1276,5752.9546,0.1307,0.0685,0.074,0.8369,0.6093,0.7576,0.5082,0.1915,0.15,0.2,0.6425,0.596,0.1107,0.48,0.5056,0.9212,0.1985,1.0765099999999999,0.815563976,0.6908790992999999,0.14660984720925,0.493480690023665,0.5518716932318499,Moderate
fns_sns_skating,189.5916,120.6857,186.9159,100.1548,98.0538,287.23,117.8169,9.6851,3087.2053,0.1847,0.0898,0.0597,0.8721,0.517,0.6652,0.48,0.173,0.15,0.2,0.6425,0.6522,0.0965,0.4369,0.4505,0.9265,0.317,1.0119,0.67311588,0.590803746,0.12777260999999998,0.42984775232000005,0.46862461580000003,Moderate
mall_skating,36.6518,76.3129,106.383,16.2087,77.5702,72.3196,52.9574,19.4145,599.8762,0.2134,0.1535,0.1585,0.6779,0.4233,0.2204,0.1952,0.0841,0.1,0.1625,0.187,0.7948,0.0542,0.2403,0.23,0.9353,0.6231,0.94631,0.208566724,0.2055428674,0.0534456687492,0.211451661522856,0.20423867496984,Light controlled
mall_skating,33.0798,70.859,81.3008,18.3919,33.4997,56.283,46.6156,42.3174,727.2004,0.2258,0.1608,0.1136,0.6819,0.3541,0.2814,0.2333,0.0963,0.1,0.1625,0.187,0.7907,0.0332,0.2467,0.2384,0.9515,0.5943,0.8978700000000001,0.252660618,0.24046346715,0.060884660455424996,0.21727711289497648,0.216846126736085,Light controlled
mall_skating,33.5348,90.1451,100.3344,36.9094,32.9268,61.4049,51.0168,29.8378,1141.8535,0.2312,0.1225,0.0469,0.7851,0.2834,0.2626,0.2101,0.0925,0.1,0.1625,0.187,0.7294,0.0212,0.2208,0.2096,0.9637,0.443,0.84838,0.222784588,0.2093876155,0.05672096073375001,0.191509274182075,0.18861662379674998,Reference / very light
mall_skating,30.6235,78.5997,179.6407,30.0442,34.4809,72.4141,53.0699,18.5239,700.3237,0.2211,0.0527,0.0087,0.6372,0.2664,0.221,0.1934,0.0842,0.1,0.1625,0.187,0.6468,0.0228,0.2015,0.1902,0.9678,0.2545,0.83648,0.18486208,0.1822683136,0.0510196033944,0.17271073200299203,0.16730993475888,Reference / very light
mall_skating,30.5479,79.0235,90.2256,47.7183,36.1582,60.369,48.6371,33.2313,834.4854,0.249,0.174,0.0428,0.7637,0.1983,0.2589,0.2166,0.0918,0.1,0.1625,0.187,0.7858,0.0288,0.2069,0.1904,0.9715,0.5588,0.78881,0.204222909,0.19688724435000002,0.05497586974530001,0.17425897393115403,0.16711207450406002,Reference / very light
mall_skating,32.4574,78.7186,102.5641,47.2992,45.3378,73.4529,50.5859,20.8371,570.309,0.2275,0.0982,0.053,0.7609,0.196,0.2224,0.199,0.0845,0.1,0.1625,0.187,0.7179,0.0191,0.1916,0.1749,0.9753,0.4032,0.7872,0.17507328,0.17508201600000003,0.05021127735,0.16068426384299997,0.15198518027000002,Reference / very light
mall_skating,36.826,70.005,78.125,14.4668,31.1491,66.7587,47.8283,17.0535,698.0778,0.21,0.1681,0.2438,0.764,0.397,0.1975,0.1863,0.0795,0.1,0.1625,0.187,0.8603,0.0518,0.2307,0.2151,0.9393,0.7637,0.9279,0.18326024999999999,0.187084386,0.049953950808750015,0.200155121065575,0.18773116846174998,Light controlled
pt_skating,22.7919,89.9442,120.7243,35.8675,52.0822,147.4491,132.8114,10.3068,1707.4819,0.2893,0.0026,0.1082,0.439,0.2819,0.4885,0.3383,0.1377,0.15,0.2375,0.252,0.7293,0.0881,0.312,0.3117,0.9582,0.4495,0.84733,0.413920705,0.36044677369999994,0.090099947687175,0.2802840076976915,0.295669197897435,Light controlled
pt_skating,19.7091,94.6264,207.6125,64.2902,78.7953,149.4348,174.2996,21.814,2614.6906,0.2794,0.1939,0.1656,0.3121,0.3177,0.5809,0.3582,0.1562,0.15,0.2375,0.252,0.8941,0.112,0.3514,0.3516,0.9481,0.8282,0.87239,0.5067713509999999,0.41866066185,0.10409321240010003,0.32335396701901786,0.34451467878501996,Light controlled
fns_sns_skating,166.2767,107.8443,207.6125,21.1571,89.3816,257.7032,121.365,12.4087,2331.329,0.1844,0.0952,0.0495,0.7666,0.6021,0.6434,0.48,0.1687,0.15,0.2,0.6425,0.6484,0.072,0.4479,0.4637,0.9244,0.311,1.07147,0.6893837979999999,0.6133347891,0.1276115967,0.44961982464800004,0.49218370557,Moderate
fns_sns_skating,102.9273,122.329,155.4404,257.9032,187.7596,150.2223,159.8678,23.8282,2394.5965,0.2015,0.1452,0.0278,0.618,0.5296,0.5819,0.433,0.1564,0.15,0.2,0.5709,0.6918,0.0656,0.4088,0.4172,0.9326,0.3975,1.0207199999999998,0.5939569679999999,0.5291331036,0.11398027862400001,0.39883598718432,0.4294652288048,Moderate
fns_sns_skating,128.1877,117.3123,211.2676,19.2729,52.9513,167.2229,138.354,37.1968,2326.5948,0.1488,0.0634,0.023,0.8281,0.6983,0.6455,0.4733,0.1691,0.15,0.2,0.6412,0.5735,0.0746,0.4633,0.4857,0.9196,0.1506,1.1388099999999999,0.7351018549999999,0.6475371598999999,0.13101607657867503,0.4781954028621615,0.5289848270357349,Moderate
fns_sns_skating,86.7842,117.4983,230.7692,466.8923,335.9016,312.6386,137.188,13.4639,4844.4721,0.0987,0.0624,0.0143,0.8594,0.4926,0.7375,0.4806,0.1875,0.15,0.2,0.5259,0.5528,0.1269,0.4409,0.4661,0.9289,0.0931,0.99482,0.7336797500000001,0.6156166581000001,0.1375505938125,0.4375741266682501,0.4895050536925001,Moderate
fns_sns_skating,148.9774,107.8754,175.4386,18.4002,92.5409,204.4924,136.7361,21.3331,3972.4674,0.1704,0.0651,0.0308,0.6833,0.6371,0.6951,0.4649,0.179,0.15,0.2,0.6425,0.5996,0.083,0.4619,0.4827,0.9218,0.2058,1.0959699999999999,0.761808747,0.6445279852999999,0.13598128518075,0.475141362558535,0.52657183937615,Moderate
fns_sns_skating,128.6874,125.7077,155.0388,49.8793,55.2604,171.705,139.1739,22.3353,3122.7243,0.0607,0.1139,0.1239,0.8067,0.55,0.6242,0.4446,0.1648,0.15,0.2,0.6425,0.6623,0.0758,0.4268,0.437,0.9266,0.3393,1.0350000000000001,0.646047,0.5635857000000001,0.1213051188,0.4224552353840001,0.4573484837600001,Moderate
walking,6.1338,72.0601,178.5714,67.6042,57.0427,116.508,109.6748,27.589,657.0041,0.3285,0.1842,0.0004,0.0,0.1451,0.4204,0.733,0.1241,0.55,0.8812,0.6987,0.7873,0.2499,0.4585,0.4115,0.915,0.6313,0.7515700000000001,0.315960028,0.46006945810000005,0.09873789055725,0.37999790612230494,0.34664342254145,Moderate
walking,8.3988,69.4145,77.9221,24.3369,40.6646,126.2634,126.6693,24.5602,731.1585,0.3235,0.241,0.1479,0.0839,0.2681,0.4556,0.7332,0.1311,0.55,0.8767,0.6924,0.9036,0.2473,0.495,0.4501,0.9372,0.8625,0.83767,0.381642452,0.5252699076,0.10839303675090001,0.42910676764716205,0.40255519263018,Moderate
walking,9.79,70.1735,79.1557,19.7971,32.3155,152.5406,144.8776,35.0344,835.4382,0.267,0.252,0.0389,0.7674,0.3311,0.5716,0.7736,0.1543,0.55,0.874,0.6886,0.8104,0.3141,0.5402,0.5107,0.9496,0.6402,0.8817699999999999,0.5040197319999999,0.620500379,0.1315913946546,0.48452408617782805,0.4755383256309199,Moderate
walking,6.6327,75.987,84.1515,19.7573,35.7673,129.1528,125.619,24.3584,764.0031,0.2584,0.1715,0.0661,0.3119,0.3761,0.4583,0.7347,0.1317,0.55,0.8803,0.6974,0.7933,0.2295,0.5129,0.4763,0.9464,0.6062,0.91327,0.418551641,0.5731909464,0.11253756442792504,0.4599200651850264,0.443547707055585,Moderate
walking,6.1076,80.2281,87.8477,19.8455,48.0423,123.4576,126.3236,26.2624,649.1982,0.2452,0.1666,0.1157,0.0134,0.4074,0.4546,0.7349,0.1309,0.55,0.8813,0.6988,0.8112,0.2212,0.5189,0.4824,0.9479,0.6442,0.93518,0.425132828,0.5850128527,0.11289765934754999,0.46889931531655904,0.45360659467951,Moderate
walking,5.1736,73.4496,82.7586,25.1391,55.86,121.98,120.2136,29.0983,634.3906,0.1853,0.0735,0.0457,0.1933,0.2889,0.4523,0.74,0.1305,0.55,0.8832,0.7014,0.6377,0.2443,0.4899,0.4562,0.9385,0.2702,0.85223,0.38546362900000003,0.53597624305,0.10880256757500001,0.4282216888545,0.41057429368000004,Moderate
walking,6.1146,67.3795,77.821,19.0935,54.1091,117.6908,121.6608,29.333,556.2141,0.2496,0.1868,0.2361,0.1448,0.3186,0.4466,0.7376,0.1293,0.55,0.8813,0.6988,0.905,0.2334,0.5041,0.4604,0.941,0.8609,0.87302,0.389890732,0.545133583,0.1086983403336,0.442886421280048,0.41867242596672,Moderate
